tubox|linux|native|Native Linux / Tuxbox-style config|/etc/tuxbox/config|off|native
generic-linux|linux|native|Native Linux /usr/local/etc|/usr/local/etc|auto|native
dev-box|linux|native|Native development box ./cfg|./cfg|auto|native
vuplus-4k|linux|armv7|Vu+ 4K ARMv7 (SimpleBuild4 vuplus4k_armv7)|/etc/tuxbox/config|on|vuplus4k_armv7
vuplus-4k-legacy|linux|armv7|Vu+ legacy ARMv7 (manual SDK)|/etc/tuxbox/config|on|manual
dreambox-dm900|linux|armv7|Dreambox DM900 / DM920|/etc/tuxbox/config|on|cortexa15hf_opendreambox_krogoth
dreambox-dm520|linux|mipsel|Dreambox DM520|/etc/tuxbox/config|on|mips32el_opendreambox_krogoth
dreambox-dm7080|linux|mipsel|Dreambox DM7080|/etc/tuxbox/config|on|mips32el_opendreambox_krogoth
dreambox-dm820|linux|mipsel|Dreambox DM820|/etc/tuxbox/config|on|mips32el_opendreambox_krogoth
dreambox-dm500hd|linux|mipsel|Dreambox DM500HD (legacy MIPSel)|/etc/tuxbox/config|on|dream_mipsel
dreambox-dm800|linux|mipsel|Dreambox DM800 (legacy MIPSel)|/etc/tuxbox/config|on|dream_mipsel
dreambox-dm7020hd|linux|mipsel|Dreambox DM7020HD (legacy MIPSel)|/etc/tuxbox/config|on|dream_mipsel
dreambox-dm8000|linux|mipsel|Dreambox DM8000 (legacy MIPSel)|/etc/tuxbox/config|on|dream_mipsel
dreambox-dm800se|linux|mipsel|Dreambox DM800SE (legacy MIPSel)|/etc/tuxbox/config|on|dream_mipsel
novaler4k|linux|aarch64|NOVALER MultiBox 4K|/etc/tuxbox/config|on|aarch64_oealliance_6.0
novaler4kse|linux|aarch64|NOVALER MultiBox 4K SE|/etc/tuxbox/config|on|aarch64_oealliance_6.0
novaler4kpro|linux|aarch64|NOVALER MultiBox 4K PRO|/etc/tuxbox/config|on|aarch64_oealliance_6.0
bootlin-aarch64-generic|linux|aarch64|Generic AArch64 STB toolchain (Bootlin 2018.11)|/etc/tuxbox/config|on|bootlin_aarch64_2018
bootlin-armv7-generic|linux|armv7|Generic ARMv7 STB toolchain (Bootlin 2018.11)|/etc/tuxbox/config|on|bootlin_armv7_2018
bootlin-mipsel-generic|linux|mipsel|Generic MIPSel STB toolchain (Bootlin 2018.11)|/etc/tuxbox/config|on|bootlin_mipsel_2018
bootlin-powerpc-generic|linux|powerpc|Generic PowerPC STB toolchain (Bootlin 2018.11)|/etc/tuxbox/config|on|bootlin_powerpc_2018
windows-x64|windows|x86_64|Windows x64 MinGW|./|on|native
macos-native|macos|native|Native macOS target|/usr/local/etc/tcmg|on|native
7000s|linux|mips32el|7000S|/etc/tuxbox/config|on|mips32el_oealliance_6.0
7005s|linux|mips32el|7005S|/etc/tuxbox/config|on|mips32el_oealliance_6.0
7100s|linux|mips32el|7100S|/etc/tuxbox/config|on|mips32el_oealliance_6.0
7105s|linux|mips32el|7105S|/etc/tuxbox/config|on|mips32el_oealliance_6.0
7210s|linux|mips32el|7210S|/etc/tuxbox/config|on|mips32el_oealliance_6.0
7215s|linux|mips32el|7215S|/etc/tuxbox/config|on|mips32el_oealliance_6.0
7220s|linux|mips32el|7220S|/etc/tuxbox/config|on|mips32el_oealliance_6.0
7225s|linux|mips32el|7225S|/etc/tuxbox/config|on|mips32el_oealliance_6.0
7300s|linux|mips32el|7300S|/etc/tuxbox/config|on|mips32el_oealliance_6.0
7400s|linux|mips32el|7400S|/etc/tuxbox/config|on|mips32el_oealliance_6.0
8100s|linux|armv7|8100S|/etc/tuxbox/config|on|cortexa15hf_oealliance_6.0
9900lx|linux|mips32el|9900LX|/etc/tuxbox/config|on|mips32el_oealliance_6.0
alphatriplehd|linux|mips32el|alphatriplehd|/etc/tuxbox/config|on|mips32el_openpli_scarthgap
beyonwizv2|linux|armv7|beyonwizv2|/etc/tuxbox/config|on|cortexa15hf_oealliance_6.0
blackbox7405|linux|mips32el|blackbox7405|/etc/tuxbox/config|on|mips32el_oealliance_6.0
bre2ze4k|linux|armv7|BRE2ZE4K|/etc/tuxbox/config|on|cortexa15hf_openpli_scarthgap
ch625dt|linux|mips32el|CH625DT|/etc/tuxbox/config|on|mips32el_oealliance_6.0
ch62lc|linux|mips32el|CH62LC|/etc/tuxbox/config|on|mips32el_oealliance_6.0
dags7252|linux|armv7|DAGS7252|/etc/tuxbox/config|on|cortexa15hf_oealliance_6.0
dags72604|linux|armv7|dags72604|/etc/tuxbox/config|on|cortexa15hf_oealliance_6.0
dags7335|linux|mips32el|DAGS7335|/etc/tuxbox/config|on|mips32el_oealliance_6.0
dags7356|linux|mips32el|DAGS7356|/etc/tuxbox/config|on|mips32el_oealliance_6.0
dags7362|linux|mips32el|DAGS7362|/etc/tuxbox/config|on|mips32el_oealliance_6.0
dags73625|linux|mips32el|dags73625|/etc/tuxbox/config|on|mips32el_oealliance_6.0
dagsmv200|linux|armv7|dagsmv200|/etc/tuxbox/config|on|cortexa15hf_oealliance_6.0
dm500hdv2|linux|mipsel|Dreambox DM500HD v2|/etc/tuxbox/config|on|dream_mipsel
dm7020hdv2|linux|mipsel|Dreambox DM7020HD v2|/etc/tuxbox/config|on|dream_mipsel
dm800sev2|linux|mipsel|Dreambox DM800SE v2|/etc/tuxbox/config|on|dream_mipsel
dreamone|linux|aarch64|Dreambox ONE|/etc/tuxbox/config|on|aarch64_opendreambox_pyro
dreamtwo|linux|aarch64|Dreambox TWO|/etc/tuxbox/config|on|aarch64_opendreambox_pyro
dual|linux|armv7|DUAL|/etc/tuxbox/config|on|cortexa15hf_openpli_scarthgap
e3hd|linux|mips32el|E3HD|/etc/tuxbox/config|on|mips32el_oealliance_6.0
e4hd|linux|armv7|E4HD|/etc/tuxbox/config|on|cortexa15hf_openpli_scarthgap
et10000|linux|mips32el|ET10000|/etc/tuxbox/config|on|mips32el_oealliance_6.0
et13000|linux|armv7|ET13000|/etc/tuxbox/config|on|cortexa15hf_oealliance_6.0
et1x000|linux|armv7|ET1X000|/etc/tuxbox/config|on|cortexa15hf_oealliance_6.0
et4x00|linux|mips32el|ET4X00|/etc/tuxbox/config|on|mips32el_oealliance_6.0
et5x00|linux|mips32el|ET5X00|/etc/tuxbox/config|on|mips32el_oealliance_6.0
et6x00|linux|mips32el|ET6X00|/etc/tuxbox/config|on|mips32el_oealliance_6.0
et7x00|linux|mips32el|ET7X00|/etc/tuxbox/config|on|mips32el_oealliance_6.0
et8000|linux|mips32el|ET8000|/etc/tuxbox/config|on|mips32el_oealliance_6.0
et8500|linux|mips32el|ET8500|/etc/tuxbox/config|on|mips32el_oealliance_6.0
et9x00|linux|mips32el|ET9X00|/etc/tuxbox/config|on|mips32el_oealliance_6.0
ew7356|linux|mips32el|EW7356|/etc/tuxbox/config|on|mips32el_oealliance_6.0
ew7358|linux|mips32el|EW7358|/etc/tuxbox/config|on|mips32el_oealliance_6.0
ew7362|linux|mips32el|EW7362|/etc/tuxbox/config|on|mips32el_oealliance_6.0
formuler1|linux|mips32el|formuler1|/etc/tuxbox/config|on|mips32el_oealliance_6.0
formuler1tc|linux|mips32el|formuler1tc|/etc/tuxbox/config|on|mips32el_oealliance_6.0
formuler3|linux|mips32el|formuler3|/etc/tuxbox/config|on|mips32el_oealliance_6.0
formuler3ip|linux|mips32el|formuler3ip|/etc/tuxbox/config|on|mips32el_oealliance_6.0
formuler4|linux|mips32el|formuler4|/etc/tuxbox/config|on|mips32el_oealliance_6.0
formuler4ip|linux|mips32el|formuler4ip|/etc/tuxbox/config|on|mips32el_oealliance_6.0
formuler4turbo|linux|mips32el|formuler4turbo|/etc/tuxbox/config|on|mips32el_oealliance_6.0
fusionhd|linux|mips32el|FUSIONHD|/etc/tuxbox/config|on|mips32el_openpli_scarthgap
fusionhdse|linux|mips32el|fusionhdse|/etc/tuxbox/config|on|mips32el_openpli_scarthgap
g100|linux|mips32el|G100|/etc/tuxbox/config|on|mips32el_oealliance_6.0
g101|linux|mips32el|G101|/etc/tuxbox/config|on|mips32el_oealliance_6.0
g300|linux|mips32el|G300|/etc/tuxbox/config|on|mips32el_oealliance_6.0
galaxy4k|linux|armv7|GALAXY4K|/etc/tuxbox/config|on|armv7ahf_openpli_scarthgap
gb7252|linux|armv7|GB7252|/etc/tuxbox/config|on|cortexa15hf_oealliance_6.0
gb72604|linux|armv7|GB72604|/etc/tuxbox/config|on|cortexa15hf_oealliance_6.0
gb7325|linux|mips32el|GB7325|/etc/tuxbox/config|on|mips32el_oealliance_6.0
gb7356|linux|mips32el|GB7356|/etc/tuxbox/config|on|mips32el_oealliance_6.0
gb7358|linux|mips32el|GB7358|/etc/tuxbox/config|on|mips32el_oealliance_6.0
gb7362|linux|mips32el|GB7362|/etc/tuxbox/config|on|mips32el_oealliance_6.0
gb73625|linux|mips32el|GB73625|/etc/tuxbox/config|on|mips32el_oealliance_6.0
gb800solo|linux|mips32el|gb800solo|/etc/tuxbox/config|on|mips32el_oealliance_6.0
gbmv200|linux|armv7|GBMV200|/etc/tuxbox/config|on|cortexa15hf_oealliance_6.0
gbquad4k|linux|armv7|GBQUAD4K|/etc/tuxbox/config|on|cortexa15hf_openpli_scarthgap
gbquad4kpro|linux|armv7|gbquad4kpro|/etc/tuxbox/config|on|cortexa15hf_openpli_scarthgap
gbtrio4k|linux|armv7|GBTRIO4K|/etc/tuxbox/config|on|cortexa15hf_openpli_scarthgap
gbue4k|linux|armv7|GBUE4K|/etc/tuxbox/config|on|cortexa15hf_openpli_scarthgap
generic-aarch64-buildroot|linux|aarch64|Generic AArch64 Linux|/etc/tuxbox/config|on|aarch64_universal
generic-armv5-buildroot|linux|armv5|Generic ARMv5 Linux|/etc/tuxbox/config|on|armv5_universal
generic-armv6-buildroot|linux|armv6|Generic ARMv6 Linux|/etc/tuxbox/config|on|armv6_universal
generic-armv7-buildroot|linux|armv7|Generic ARMv7 Linux|/etc/tuxbox/config|on|armv7_universal
generic-mips32el-buildroot|linux|mips32el|Generic MIPSel Linux|/etc/tuxbox/config|on|mips32el_universal
generic-powerpc-buildroot|linux|powerpc|Generic PowerPC Linux|/etc/tuxbox/config|on|powerpc_universal
generic-sh4-buildroot|linux|sh4|Generic SH4 Linux|/etc/tuxbox/config|on|sh4_universal
forever-7878|linux|sh4|Forever 7878 PVR (STx7111 SH4)|/etc/tuxbox/config|on|sh4
h10|linux|armv7|H10|/etc/tuxbox/config|on|cortexa15hf_oealliance_6.0
h11|linux|armv7|H11|/etc/tuxbox/config|on|cortexa15hf_oealliance_6.0
h17|linux|armv7|H17|/etc/tuxbox/config|on|cortexa15hf_oealliance_6.0
h17twin|linux|armv7|H17TWIN|/etc/tuxbox/config|on|cortexa15hf_openpli_scarthgap
h3|linux|mips32el|H3|/etc/tuxbox/config|on|mips32el_oealliance_6.0
h4|linux|mips32el|H4|/etc/tuxbox/config|on|mips32el_oealliance_6.0
h5|linux|mips32el|H5|/etc/tuxbox/config|on|mips32el_oealliance_6.0
h6|linux|mips32el|H6|/etc/tuxbox/config|on|mips32el_oealliance_6.0
h7|linux|armv7|H7|/etc/tuxbox/config|on|cortexa15hf_oealliance_6.0
h8|linux|armv7|H8|/etc/tuxbox/config|on|cortexa7hf_oealliance_6.0
h8se|linux|armv7|H8SE|/etc/tuxbox/config|on|cortexa7hf_oealliance_6.0
h9|linux|armv7|H9|/etc/tuxbox/config|on|cortexa15hf_oealliance_6.0
h9combo|linux|armv7|H9COMBO|/etc/tuxbox/config|on|cortexa15hf_oealliance_6.0
h9combose|linux|armv7|h9combose|/etc/tuxbox/config|on|cortexa15hf_oealliance_6.0
h9se|linux|armv7|H9SE|/etc/tuxbox/config|on|cortexa15hf_oealliance_6.0
hd11|linux|mips32el|HD11|/etc/tuxbox/config|on|mips32el_oealliance_6.0
hd1100|linux|mips32el|HD1100|/etc/tuxbox/config|on|mips32el_oealliance_6.0
hd1200|linux|mips32el|HD1200|/etc/tuxbox/config|on|mips32el_oealliance_6.0
hd1265|linux|mips32el|HD1265|/etc/tuxbox/config|on|mips32el_oealliance_6.0
hd1500|linux|mips32el|HD1500|/etc/tuxbox/config|on|mips32el_oealliance_6.0
hd2400|linux|mips32el|HD2400|/etc/tuxbox/config|on|mips32el_oealliance_6.0
hd500c|linux|mips32el|HD500C|/etc/tuxbox/config|on|mips32el_oealliance_6.0
hd51|linux|armv7|HD51|/etc/tuxbox/config|on|cortexa15hf_oealliance_6.0
hd530c|linux|mips32el|HD530C|/etc/tuxbox/config|on|mips32el_oealliance_6.0
hd60|linux|armv7|HD60|/etc/tuxbox/config|on|cortexa15hf_oealliance_6.0
hd61|linux|armv7|HD61|/etc/tuxbox/config|on|cortexa15hf_oealliance_6.0
hd66se|linux|armv7|HD66SE|/etc/tuxbox/config|on|cortexa15hf_oealliance_6.0
hzero|linux|armv7|HZERO|/etc/tuxbox/config|on|cortexa7hf_oealliance_6.0
i55|linux|mips32el|I55|/etc/tuxbox/config|on|mips32el_oealliance_6.0
i55plus|linux|armv7|I55PLUS|/etc/tuxbox/config|on|cortexa15hf_oealliance_6.0
i55se|linux|armv7|I55SE|/etc/tuxbox/config|on|cortexa15hf_oealliance_6.0
igel-x86|linux|x86|Igel VIA VX855 / x86|./cfg|off|igel_x86
inihde|linux|mips32el|INIHDE|/etc/tuxbox/config|on|mips32el_oealliance_6.0
inihde2|linux|mips32el|INIHDE2|/etc/tuxbox/config|on|mips32el_oealliance_6.0
inihdp|linux|mips32el|INIHDP|/etc/tuxbox/config|on|mips32el_oealliance_6.0
inihdx|linux|mips32el|INIHDX|/etc/tuxbox/config|on|mips32el_oealliance_6.0
ip8|linux|armv7|IP8|/etc/tuxbox/config|on|cortexa15hf_oealliance_6.0
jj7362|linux|mips32el|JJ7362|/etc/tuxbox/config|on|mips32el_oealliance_6.0
lc|linux|mips32el|LC|/etc/tuxbox/config|on|mips32el_oealliance_6.0
lunix|linux|mips32el|LUNIX|/etc/tuxbox/config|on|mips32el_openpli_scarthgap
lunix3-4k|linux|armv7|lunix3 4k|/etc/tuxbox/config|on|armv7ahf_openpli_scarthgap
lunix4k|linux|armv7|LUNIX4K|/etc/tuxbox/config|on|armv7ahf_openpli_scarthgap
mbmicro|linux|mips32el|MBMICRO|/etc/tuxbox/config|on|mips32el_openpli_scarthgap
mbmicrov2|linux|mips32el|mbmicrov2|/etc/tuxbox/config|on|mips32el_openpli_scarthgap
mbtwinplus|linux|mips32el|mbtwinplus|/etc/tuxbox/config|on|mips32el_openpli_scarthgap
multibox|linux|armv7|MULTIBOX|/etc/tuxbox/config|on|cortexa15hf_oealliance_6.0
multiboxpro|linux|armv7|multiboxpro|/etc/tuxbox/config|on|cortexa15hf_oealliance_6.0
multiboxse|linux|armv7|multiboxse|/etc/tuxbox/config|on|cortexa15hf_oealliance_6.0
odinm7|linux|mips32el|ODINM7|/etc/tuxbox/config|on|mips32el_oealliance_6.0
odinm9|linux|mips32el|ODINM9|/etc/tuxbox/config|on|mips32el_oealliance_6.0
og2ott4k|linux|armv7|OG2OTT4K|/etc/tuxbox/config|on|cortexa15hf_oealliance_6.0
og2s4k|linux|armv7|OG2S4K|/etc/tuxbox/config|on|cortexa15hf_oealliance_6.0
osmega|linux|mips32el|OSMEGA|/etc/tuxbox/config|on|mips32el_openpli_scarthgap
osmini|linux|mips32el|OSMINI|/etc/tuxbox/config|on|mips32el_openpli_scarthgap
osmini4k|linux|armv7|OSMINI4K|/etc/tuxbox/config|on|cortexa15hf_oealliance_6.0
osminiplus|linux|mips32el|osminiplus|/etc/tuxbox/config|on|mips32el_openpli_scarthgap
osmio4k|linux|armv7|OSMIO4K|/etc/tuxbox/config|on|cortexa15hf_oealliance_6.0
osmio4kplus|linux|armv7|osmio4kplus|/etc/tuxbox/config|on|cortexa15hf_oealliance_6.0
osnino|linux|mips32el|OSNINO|/etc/tuxbox/config|on|mips32el_oealliance_6.0
osninoplus|linux|mips32el|osninoplus|/etc/tuxbox/config|on|mips32el_oealliance_6.0
osninopro|linux|mips32el|osninopro|/etc/tuxbox/config|on|mips32el_oealliance_6.0
pogoplug-v2|linux|arm|Pogoplug V2 / Marvell Kirkwood|./cfg|off|pogoplug_arm
pulse4k|linux|armv7|PULSE4K|/etc/tuxbox/config|on|cortexa15hf_oealliance_6.0
pulse4kmini|linux|armv7|pulse4kmini|/etc/tuxbox/config|on|cortexa15hf_oealliance_6.0
purehd|linux|mips32el|PUREHD|/etc/tuxbox/config|on|mips32el_openpli_scarthgap
purehdse|linux|mips32el|PUREHDSE|/etc/tuxbox/config|on|mips32el_openpli_scarthgap
qnap-armv7|linux|armv7|QNAP ARM Cortex-A9 family|./cfg|off|qnap_armv7
qnap-ts119p2|linux|armv5|QNAP TS-119P II|./cfg|off|qnap_armv5
qnap-x64|linux|x86_64|QNAP x64 family|./cfg|off|qnap_x64
revo4k|linux|armv7|REVO4K|/etc/tuxbox/config|on|armv7ahf_openpli_scarthgap
rpi-1|linux|armv6|Raspberry Pi 1 Model A / A+ / B / B+|./cfg|off|rpi_armv6
rpi-2|linux|armv7|Raspberry Pi 2 Model B|./cfg|off|rpi_armv7
rpi-2v1.2|linux|armv7|Raspberry Pi 2 Model B v1.2|./cfg|off|rpi_armv8
rpi-3|linux|armv7|Raspberry Pi 3 Model A+ / B / B+|./cfg|off|rpi_armv8
rpi-4|linux|armv7|Raspberry Pi 4 Model B (32-bit profile)|./cfg|off|rpi_armv8
rpi-64|linux|aarch64|Raspberry Pi 3 Model B+ / 4 Model B AArch64|./cfg|off|rpi_aarch64
rpi-zero|linux|armv6|Raspberry Pi Zero W / WH|./cfg|off|rpi_armv6
samsung-tv|linux|arm|Samsung TV|./cfg|off|samsungtv
sf4008|linux|armv7|SF4008|/etc/tuxbox/config|on|cortexa15hf_oealliance_6.0
sf8008|linux|armv7|SF8008|/etc/tuxbox/config|on|cortexa15hf_openpli_scarthgap
sf8008m|linux|armv7|SF8008M|/etc/tuxbox/config|on|cortexa15hf_oealliance_6.0
sfx6008|linux|armv7|SFX6008|/etc/tuxbox/config|on|cortexa7hf_oealliance_6.0
sh1|linux|mips32el|SH1|/etc/tuxbox/config|on|mips32el_oealliance_6.0
spycat|linux|mips32el|SPYCAT|/etc/tuxbox/config|on|mips32el_openpli_scarthgap
spycatmini|linux|mips32el|spycatmini|/etc/tuxbox/config|on|mips32el_openpli_scarthgap
spycatminiplus|linux|mips32el|spycatminiplus|/etc/tuxbox/config|on|mips32el_openpli_scarthgap
sx88v2|linux|armv7|SX88V2|/etc/tuxbox/config|on|cortexa15hf_oealliance_6.0
sx988|linux|armv7|SX988|/etc/tuxbox/config|on|cortexa15hf_oealliance_6.0
synology-atom|linux|x86_64|Synology Atom x86_64|./cfg|off|syn_atom
synology-ds112x|linux|armv5|Synology DS112x|./cfg|off|synology_armv5
synology-ds115|linux|armv7|Synology DS115 / Marvell ARMADA 375|./cfg|off|synology_armv7a
synology-ds213plus|linux|powerpc|Synology DS213+|./cfg|off|synology_ppc
synology-ds216play|linux|armv7|Synology DS216play / ZyXEL NAS326 / NAS520|./cfg|off|synology_armv7
synology-ds418|linux|aarch64|Synology DS418|./cfg|off|synology_aarch64
tiviaraplus|linux|mips32el|tiviaraplus|/etc/tuxbox/config|on|mips32el_oealliance_6.0
tiviarmin|linux|mips32el|tiviarmin|/etc/tuxbox/config|on|mips32el_oealliance_6.0
triplex|linux|mips32el|TRIPLEX|/etc/tuxbox/config|on|mips32el_oealliance_6.0
u41|linux|armv7|U41|/etc/tuxbox/config|on|cortexa9hf_oealliance_6.0
u42|linux|armv7|U42|/etc/tuxbox/config|on|cortexa9hf_oealliance_6.0
u43|linux|armv7|U43|/etc/tuxbox/config|on|cortexa9hf_oealliance_6.0
u45|linux|armv7|U45|/etc/tuxbox/config|on|cortexa9hf_oealliance_6.0
u5|linux|armv7|U5|/etc/tuxbox/config|on|cortexa15hf_oealliance_6.0
u51|linux|armv7|U51|/etc/tuxbox/config|on|cortexa15hf_oealliance_6.0
u52|linux|armv7|U52|/etc/tuxbox/config|on|cortexa15hf_oealliance_6.0
u53|linux|armv7|U53|/etc/tuxbox/config|on|cortexa15hf_oealliance_6.0
u532|linux|armv7|U532|/etc/tuxbox/config|on|cortexa15hf_oealliance_6.0
u533|linux|armv7|U533|/etc/tuxbox/config|on|cortexa15hf_oealliance_6.0
u54|linux|armv7|U54|/etc/tuxbox/config|on|cortexa15hf_oealliance_6.0
u55|linux|armv7|U55|/etc/tuxbox/config|on|cortexa15hf_oealliance_6.0
u56|linux|armv7|U56|/etc/tuxbox/config|on|cortexa15hf_oealliance_6.0
u57|linux|armv7|U57|/etc/tuxbox/config|on|cortexa15hf_oealliance_6.0
u571|linux|armv7|U571|/etc/tuxbox/config|on|cortexa15hf_oealliance_6.0
u5pvr|linux|armv7|U5PVR|/etc/tuxbox/config|on|cortexa15hf_oealliance_6.0
ultrabox|linux|mips32el|ULTRABOX|/etc/tuxbox/config|on|mips32el_oealliance_6.0
ultramini|linux|mips32el|ultramini|/etc/tuxbox/config|on|mips32el_oealliance_6.0
ustym4kottpremium|linux|armv7|ustym4kottpremium|/etc/tuxbox/config|on|cortexa15hf_oealliance_6.0
ustym4kpro|linux|armv7|ustym4kpro|/etc/tuxbox/config|on|cortexa15hf_oealliance_6.0
ustym4ks2ottx|linux|armv7|ustym4ks2ottx|/etc/tuxbox/config|on|cortexa15hf_oealliance_6.0
vg1000|linux|mips32el|VG1000|/etc/tuxbox/config|on|mips32el_oealliance_6.0
vg2000|linux|mips32el|VG2000|/etc/tuxbox/config|on|mips32el_oealliance_6.0
vg5000|linux|mips32el|VG5000|/etc/tuxbox/config|on|mips32el_oealliance_6.0
viper4k|linux|armv7|VIPER4K|/etc/tuxbox/config|on|cortexa15hf_oealliance_6.0
vipercombo|linux|mips32el|vipercombo|/etc/tuxbox/config|on|mips32el_openpli_scarthgap
vipercombohdd|linux|mips32el|vipercombohdd|/etc/tuxbox/config|on|mips32el_openpli_scarthgap
viperslim|linux|mips32el|viperslim|/etc/tuxbox/config|on|mips32el_openpli_scarthgap
vipert2c|linux|mips32el|VIPERT2C|/etc/tuxbox/config|on|mips32el_openpli_scarthgap
vs1000|linux|mips32el|VS1000|/etc/tuxbox/config|on|mips32el_oealliance_6.0
vs1500|linux|armv7|VS1500|/etc/tuxbox/config|on|cortexa15hf_oealliance_6.0
vuduo|linux|mips32el|VUDUO|/etc/tuxbox/config|on|mips32el_oealliance_6.0
vuduo2|linux|mips32el|VUDUO2|/etc/tuxbox/config|on|mips32el_oealliance_6.0
vuduo4k|linux|armv7|VUDUO4K|/etc/tuxbox/config|on|cortexa15hf_oealliance_6.0
vuduo4kse|linux|armv7|vuduo4kse|/etc/tuxbox/config|on|cortexa15hf_oealliance_6.0
vusolo|linux|mips32el|VUSOLO|/etc/tuxbox/config|on|mips32el_oealliance_6.0
vusolo2|linux|mips32el|VUSOLO2|/etc/tuxbox/config|on|mips32el_oealliance_6.0
vusolo4k|linux|armv7|VUSOLO4K|/etc/tuxbox/config|on|cortexa15hf_oealliance_6.0
vusolose|linux|mips32el|VUSOLOSE|/etc/tuxbox/config|on|mips32el_oealliance_6.0
vuultimo|linux|mips32el|VUULTIMO|/etc/tuxbox/config|on|mips32el_oealliance_6.0
vuultimo4k|linux|armv7|vuultimo4k|/etc/tuxbox/config|on|cortexa15hf_oealliance_6.0
vuuno|linux|mips32el|VUUNO|/etc/tuxbox/config|on|mips32el_oealliance_6.0
vuuno4k|linux|armv7|VUUNO4K|/etc/tuxbox/config|on|cortexa15hf_oealliance_6.0
vuuno4kse|linux|armv7|vuuno4kse|/etc/tuxbox/config|on|cortexa15hf_oealliance_6.0
vuzero|linux|mips32el|VUZERO|/etc/tuxbox/config|on|mips32el_oealliance_6.0
vuzero4k|linux|armv7|VUZERO4K|/etc/tuxbox/config|on|cortexa15hf_oealliance_6.0
xc7346|linux|mips32el|XC7346|/etc/tuxbox/config|on|mips32el_oealliance_6.0
xc7362|linux|mips32el|XC7362|/etc/tuxbox/config|on|mips32el_oealliance_6.0
xp1000|linux|mips32el|XP1000|/etc/tuxbox/config|on|mips32el_oealliance_6.0
xpeedc|linux|mips32el|XPEEDC|/etc/tuxbox/config|on|mips32el_openpli_scarthgap
yh625dt|linux|mips32el|YH625DT|/etc/tuxbox/config|on|mips32el_oealliance_6.0
yh625tc|linux|mips32el|YH625TC|/etc/tuxbox/config|on|mips32el_oealliance_6.0
yh62tc|linux|mips32el|YH62TC|/etc/tuxbox/config|on|mips32el_oealliance_6.0
yh7362|linux|mips32el|YH7362|/etc/tuxbox/config|on|mips32el_oealliance_6.0
yh73625|linux|mips32el|YH73625|/etc/tuxbox/config|on|mips32el_oealliance_6.0
