vuplus4k_armv7|SimpleBuild4 Vu+ 4K ARMv7 toolchain|armv7|https://simplebuild.dedyn.io/toolchains/current/Toolchain-vuplus4k_armv7.tar.xz|8970a65246c85f59a445b91ab1d0251a3143ec18a914c5bb711c11a040841862|armv7-vuplus4k-linux-gnueabihf-|arm-vuplus4k-linux-gnueabihf/sysroot||
cortexa15hf_opendreambox_krogoth|OpenDreambox Krogoth Cortex-A15|armv7|https://simplebuild.dedyn.io/toolchains/current/Toolchain-cortexa15hf_opendreambox_krogoth.tar.xz|238cf895f437624ecbe4940cd80932f17f74ed9916daf365900c895d243993c2|arm-oe-linux-gnueabi-|sysroots/cortexa15hf-neon-vfpv4-oe-linux-gnueabi|-march=armv7ve -mfpu=neon-vfpv4 -mfloat-abi=hard -mcpu=cortex-a15|-Wl,--dynamic-linker=/lib/ld-linux-armhf.so.3
aarch64_opendreambox_pyro|OpenDreambox Pyro AArch64|aarch64|https://simplebuild.dedyn.io/toolchains/current/Toolchain-aarch64_opendreambox_pyro.tar.xz|7f41146c1f3023437602d0c80f4d9df4bf13b7e540de596f095a00c92619bdae|aarch64-oe-linux-|sysroots/aarch64-oe-linux||-Wl,--dynamic-linker=/lib/ld-linux-aarch64.so.1
mips32el_opendreambox_krogoth|OpenDreambox Krogoth MIPSel|mipsel|https://simplebuild.dedyn.io/toolchains/current/Toolchain-mips32el_opendreambox_krogoth.tar.xz|72746de7ed005a6895f4795e66cebc4ebd6b9792b9eb8c0458389929f6666d89|mipsel-oe-linux-|sysroots/mips32el-oe-linux|-mel -mabi=32 -mhard-float -march=mips32|-Wl,--dynamic-linker=/lib/ld-2.23.so
dream_mipsel|Dreambox legacy MIPSel (DM800/DM800SE/DM500HD/DM7020HD/DM8000)|mipsel|https://simplebuild.dedyn.io/toolchains/current/Toolchain-dream_mipsel.tar.xz|8e8c74ff8e2b9c729f54ec58a36ebd144adda9ba235ba8648eab627d1c21aab3|mipsel-dreambox-linux-gnu-|mipsel-dreambox-linux-gnu/sysroot||
bootlin_aarch64_2018|Bootlin AArch64 glibc 2018.11|aarch64|https://toolchains.bootlin.com/downloads/releases/toolchains/aarch64/tarballs/aarch64--glibc--stable-2018.11-1.tar.bz2|abae0522480b9f37ff6cee4249e147e7cb78e1997cc6f76dba7e0fb8ec04221d||||
bootlin_armv7_2018|Bootlin ARMv7 EABIhf glibc 2018.11|armv7|https://toolchains.bootlin.com/downloads/releases/toolchains/armv7-eabihf/tarballs/armv7-eabihf--glibc--stable-2018.11-1.tar.bz2|c8d4d3ca70442652e0e72f57ae6e878375640508f1e08de3152f63414c43b2e4||||
bootlin_mipsel_2018|Bootlin MIPSel glibc 2018.11|mipsel|https://toolchains.bootlin.com/downloads/releases/toolchains/mips32el/tarballs/mips32el--glibc--stable-2018.11-1.tar.bz2|5b838521093a9b8c521ff518cc33e80ce8649b1c795013a47e167b79c175c049||||
bootlin_powerpc_2018|Bootlin PowerPC e500mc glibc 2018.11|powerpc|https://toolchains.bootlin.com/downloads/releases/toolchains/powerpc-e500mc/tarballs/powerpc-e500mc--glibc--stable-2018.11-1.tar.bz2|b06fd8740248309146e212214abf60ae4ba2018480ec42155286cafdcb401af4||||
aarch64_universal|aarch64 stb's (generic)|aarch64|https://toolchains.bootlin.com/downloads/releases/toolchains/aarch64/tarballs/aarch64--glibc--stable-2018.11-1.tar.bz2|abae0522480b9f37ff6cee4249e147e7cb78e1997cc6f76dba7e0fb8ec04221d|aarch64-buildroot-linux-gnu-|aarch64-buildroot-linux-gnu/sysroot||
armv5_universal|armv5 devices (generic)|armv5|https://toolchains.bootlin.com/downloads/releases/toolchains/armv5-eabi/tarballs/armv5-eabi--glibc--stable-2018.11-1.tar.bz2|f6d91d016e0025c927e68a9cf62e4c49a88b46b6f26eb0f52ddd22265588aafe|arm-buildroot-linux-gnueabi-|arm-buildroot-linux-gnueabi/sysroot||
armv6_universal|armv6 stb's (generic)|armv6|https://toolchains.bootlin.com/downloads/releases/toolchains/armv6-eabihf/tarballs/armv6-eabihf--glibc--stable-2018.11-1.tar.bz2|f3d5bc10a3883dd40f0ea681714d6a834b49f2418f3ec3a406feedb697691e20|arm-buildroot-linux-gnueabihf-|arm-buildroot-linux-gnueabihf/sysroot||
armv7_universal|armv7 stb's (generic)|armv7|https://toolchains.bootlin.com/downloads/releases/toolchains/armv7-eabihf/tarballs/armv7-eabihf--glibc--stable-2018.11-1.tar.bz2|c8d4d3ca70442652e0e72f57ae6e878375640508f1e08de3152f63414c43b2e4|arm-buildroot-linux-gnueabihf-|arm-buildroot-linux-gnueabihf/sysroot||
mips32el_universal|mips32el stb's (generic)|mips32el|https://toolchains.bootlin.com/downloads/releases/toolchains/mips32el/tarballs/mips32el--glibc--stable-2018.11-1.tar.bz2|5b838521093a9b8c521ff518cc33e80ce8649b1c795013a47e167b79c175c049|mipsel-buildroot-linux-gnu-|mipsel-buildroot-linux-gnu/sysroot||
powerpc_universal|powerpc stb's (generic)|powerpc|https://toolchains.bootlin.com/downloads/releases/toolchains/powerpc-e500mc/tarballs/powerpc-e500mc--glibc--stable-2018.11-1.tar.bz2|b06fd8740248309146e212214abf60ae4ba2018480ec42155286cafdcb401af4|powerpc-buildroot-linux-gnu-|powerpc-buildroot-linux-gnu/sysroot||
sh4_universal|sh4 stb's (generic)|sh4|https://toolchains.bootlin.com/downloads/releases/toolchains/sh-sh4/tarballs/sh-sh4--glibc--stable-2018.11-1.tar.bz2|0845d8e46d8c0d9a79cfb1c054fc1a8631e48b220d5b11e4f166decd2b532997|sh4-buildroot-linux-gnu-|sh4-buildroot-linux-gnu/sysroot||
aarch64_oealliance_5.6|oealliance 5.6 aarch64|aarch64|https://simplebuild.dedyn.io/toolchains/current/Toolchain-aarch64_oealliance_5.6.tar.xz|17abf53817d53caf0eaf0a4830109a3a3951109674ca7767ce0708269e2e43f1|aarch64-oe-linux-|sysroots/aarch64-oe-linux|-mbranch-protection=standard|-Wl,--dynamic-linker=/lib/ld-linux-aarch64.so.1
aarch64_oealliance_6.0|oealliance 6.0 aarch64|aarch64|https://simplebuild.dedyn.io/toolchains/current/Toolchain-aarch64_oealliance_6.0.tar.xz|dd55c1e8846f8446bdf861b37a8f10bed16cb7640fbe92dd3391d2fcab8dbb23|aarch64-oe-linux-|sysroots/aarch64-oe-linux|-mbranch-protection=standard|-Wl,--dynamic-linker=/lib/ld-linux-aarch64.so.1
armv7ahf_openpli_scarthgap|openpli scarthgap armv7ahf-neon|armv7|https://simplebuild.dedyn.io/toolchains/current/Toolchain-armv7ahf_openpli_scarthgap.tar.xz|e39883fa8250eb16c45e3bc33bd996fab0d9fd34922cc3d35c5a3789c41d7e5d|arm-oe-linux-gnueabi-|sysroots/armv7ahf-neon-oe-linux-gnueabi|-march=armv7-a -mfpu=neon -mfloat-abi=hard|-Wl,--dynamic-linker=/lib/ld-linux-armhf.so.3
armv7vehf_openpli_scarthgap|openpli scarthgap armv7vehf-neon-vfpv4|armv7|https://simplebuild.dedyn.io/toolchains/current/Toolchain-armv7vehf_openpli_scarthgap.tar.xz|9fdb848a93d30fda7de4d9407493dbc052cd8fe38b17f057f59984f4e35c3b90|arm-oe-linux-gnueabi-|sysroots/armv7vehf-neon-vfpv4-oe-linux-gnueabi|-march=armv7ve -mfpu=neon-vfpv4 -mfloat-abi=hard|-Wl,--dynamic-linker=/lib/ld-linux-armhf.so.3
cortexa15hf_oealliance_5.6|oealliance 5.6 cortexa15hf-neon-vfpv4|armv7|https://simplebuild.dedyn.io/toolchains/current/Toolchain-cortexa15hf_oealliance_5.6.tar.xz|17d29159d6e79e3e201a73b17a63fff18a8a4d965f65bc31dd51bb9dbafa0cf9|arm-oe-linux-gnueabi-|sysroots/cortexa15hf-neon-vfpv4-oe-linux-gnueabi|-mfpu=neon-vfpv4 -mfloat-abi=hard -mcpu=cortex-a15|-Wl,--dynamic-linker=/lib/ld-linux-armhf.so.3
cortexa15hf_oealliance_6.0|oealliance 6.0 cortexa15hf-neon-vfpv4|armv7|https://simplebuild.dedyn.io/toolchains/current/Toolchain-cortexa15hf_oealliance_6.0.tar.xz|d7cde066d25e52bccf75f813c8f93a0139a04a514c3fb8e63df11fe176d6f2f6|arm-oe-linux-gnueabi-|sysroots/cortexa15hf-neon-vfpv4-oe-linux-gnueabi|-mfpu=neon-vfpv4 -mfloat-abi=hard -mcpu=cortex-a15|-Wl,--dynamic-linker=/lib/ld-linux-armhf.so.3
cortexa15hf_openpli_scarthgap|openpli scarthgap cortexa15hf-neon-vfpv4|armv7|https://simplebuild.dedyn.io/toolchains/current/Toolchain-cortexa15hf_openpli_scarthgap.tar.xz|5367b6421addc22f653d1ed4f095854b0299f056abfc359591db18f6fbee32f0|arm-oe-linux-gnueabi-|sysroots/cortexa15hf-neon-vfpv4-oe-linux-gnueabi|-mfpu=neon-vfpv4 -mfloat-abi=hard -mcpu=cortex-a15|-Wl,--dynamic-linker=/lib/ld-linux-armhf.so.3
cortexa7hf_oealliance_5.6|oealliance 5.6 cortexa7hf|armv7|https://simplebuild.dedyn.io/toolchains/current/Toolchain-cortexa7hf_oealliance_5.6.tar.xz|5a76f66e852e5b294c338e978a45117d3c6675edcd0e8ee8c736dba7d4a2c501|arm-oe-linux-gnueabi-|sysroots/cortexa7hf-vfp-oe-linux-gnueabi|-mfpu=vfp -mfloat-abi=hard -mcpu=cortex-a7|-Wl,--dynamic-linker=/lib/ld-linux-armhf.so.3
cortexa7hf_oealliance_6.0|oealliance 6.0 cortexa7hf|armv7|https://simplebuild.dedyn.io/toolchains/current/Toolchain-cortexa7hf_oealliance_6.0.tar.xz|2f3d5ac3e33a42d3323d9daeff2fc39ab834598d2f3b17e8b5ff7509d0a446c7|arm-oe-linux-gnueabi-|sysroots/cortexa7hf-vfp-oe-linux-gnueabi|-mfpu=vfp -mfloat-abi=hard -mcpu=cortex-a7|-Wl,--dynamic-linker=/lib/ld-linux-armhf.so.3
cortexa7hf_openpli_scarthgap|openpli scarthgap cortexa7hf|armv7|https://simplebuild.dedyn.io/toolchains/current/Toolchain-cortexa7hf_openpli_scarthgap.tar.xz|047227c01edb89b310406979dc0cdacf4bd88bd0cdfe7478096961f17849cdb2|arm-oe-linux-gnueabi-|sysroots/cortexa7hf-vfp-oe-linux-gnueabi|-mfpu=vfp -mfloat-abi=hard -mcpu=cortex-a7|-Wl,--dynamic-linker=/lib/ld-linux-armhf.so.3
cortexa7thf_openpli_scarthgap|openpli scarthgap cortexa7thf|armv7|https://simplebuild.dedyn.io/toolchains/current/Toolchain-cortexa7thf_openpli_scarthgap.tar.xz|274835948b625e5e8410cd9688fe2873d31dcec3dc70acfb1203b114b170a938|arm-oe-linux-gnueabi-|sysroots/cortexa7t2hf-vfp-oe-linux-gnueabi|-mthumb -mfpu=vfp -mfloat-abi=hard -mcpu=cortex-a7|-Wl,--dynamic-linker=/lib/ld-linux-armhf.so.3
cortexa7vfp_arm|HiSilicon Cortex-A7 MV430 devices|armv7|https://simplebuild.dedyn.io/toolchains/current/Toolchain-cortexa7vfp_arm.tar.xz|886604b9f51464e672656662f8cbf19e465272cf74f7dad64abc452c42de8999|arm-cortexa7vfp-linux-gnueabihf-|arm-cortexa7vfp-linux-gnueabihf/sysroot|-mfpu=vfp|
cortexa9hf_oealliance_5.6|oealliance 5.6 cortexa9hf-neon|armv7|https://simplebuild.dedyn.io/toolchains/current/Toolchain-cortexa9hf_oealliance_5.6.tar.xz|4f872fdf04b9e0558a43b18b1c11278acbc086e13f9aea0fa1dbe3704e90a459|arm-oe-linux-gnueabi-|sysroots/cortexa9hf-neon-oe-linux-gnueabi|-mfpu=neon -mfloat-abi=hard -mcpu=cortex-a9|-Wl,--dynamic-linker=/lib/ld-linux-armhf.so.3
cortexa9hf_oealliance_6.0|oealliance 6.0 cortexa9hf-neon|armv7|https://simplebuild.dedyn.io/toolchains/current/Toolchain-cortexa9hf_oealliance_6.0.tar.xz|c99d38e8b9b94b05c7f8255590fab4564dc095299a132658f1fe936d87d54a70|arm-oe-linux-gnueabi-|sysroots/cortexa9hf-neon-oe-linux-gnueabi|-mfpu=neon -mfloat-abi=hard -mcpu=cortex-a9|-Wl,--dynamic-linker=/lib/ld-linux-armhf.so.3
mips32el-nf_openpli_scarthgap|openpli scarthgap mips32el-nf|mips32el|https://simplebuild.dedyn.io/toolchains/current/Toolchain-mips32el-nf_openpli_scarthgap.tar.xz|b025d145ef959198022d2249dea60916cc2825cc0e9528883064e3d3c318bb22|mipsel-oe-linux-|sysroots/mips32el-nf-oe-linux|-mel -mabi=32 -msoft-float -march=mips32|
mips32el_oealliance_5.6|oealliance 5.6 mips32el|mips32el|https://simplebuild.dedyn.io/toolchains/current/Toolchain-mips32el_oealliance_5.6.tar.xz|e6a7e7f14064a38de55a50b5dcf5fbb7d09a2080034cf16a1dfaf45ed475c0d1|mipsel-oe-linux-|sysroots/mips32el-oe-linux|-EL -mabi=32 -mhard-float -march=mips32|
mips32el_oealliance_6.0|oealliance 6.0 mips32el|mips32el|https://simplebuild.dedyn.io/toolchains/current/Toolchain-mips32el_oealliance_6.0.tar.xz|5b7e30fc47c3c4123858ade1216cc3aeb7a8db84afe0553cef849f1c26d27358|mipsel-oe-linux-|sysroots/mips32el-oe-linux|-EL -mabi=32 -mhard-float -march=mips32|
mips32el_openpli_scarthgap|openpli scarthgap mips32el|mips32el|https://simplebuild.dedyn.io/toolchains/current/Toolchain-mips32el_openpli_scarthgap.tar.xz|70edbbad5858e45d125677d217928a0199a8fff66c47d52858404dbdc817bcd1|mipsel-oe-linux-|sysroots/mips32el-oe-linux|-mel -mabi=32 -mhard-float -march=mips32|
aarch64--musl--stable-2020.02-2_universal|aarch64 devices (generic)|aarch64|https://toolchains.bootlin.com/downloads/releases/toolchains/aarch64/tarballs/aarch64--musl--stable-2020.02-2.tar.bz2|0798b1b11969b0a6f792ae52f19e8da40d7fcce147d6c202fe27e1a43345375d|aarch64-buildroot-linux-musl-|aarch64-buildroot-linux-musl/sysroot||
armv5-eabi--musl--stable-2020.02-2_universal|armv5-eabi devices (generic)|armv5|https://toolchains.bootlin.com/downloads/releases/toolchains/armv5-eabi/tarballs/armv5-eabi--musl--stable-2020.02-2.tar.bz2|4734ebcde0fa185132f0fa6aebe104a05ed78b28ba97290504e9f599c948ba1c|arm-buildroot-linux-musleabi-|arm-buildroot-linux-musleabi/sysroot||
armv6-eabihf--musl--stable-2020.02-2_universal|armv6-eabihf devices (generic)|armv6|https://toolchains.bootlin.com/downloads/releases/toolchains/armv6-eabihf/tarballs/armv6-eabihf--musl--stable-2020.02-2.tar.bz2|c49d8fa512bd98eeacff91924cdc05342e0cffcca325f87ca3d076e950af5116|arm-buildroot-linux-musleabihf-|arm-buildroot-linux-musleabihf/sysroot||
openwrt1505cc|OpenWRT 15.05.1 Chaos Calmer|mips|https://simplebuild.dedyn.io/toolchains/legacy/Toolchain-openwrt1505cc.tar.xz|648118bc1d3e64e19be4ceefcf90e9d70ccd0c85b79d0d38bbf56ec53fc95d0e|mips-openwrt-linux-uclibc-|||
owrt_ar71xx_mips|OpenWrt 18.06 ar71xx, mips_24kc BE devices|mips|https://simplebuild.dedyn.io/toolchains/current/Toolchain-owrt_ar71xx_mips.tar.xz|24310a4d518c33d4fa2f01bd5205a32415017dfdbe7c72f43e2f5e8b703f3b98|mips-ar71xx-linux-musl-|mips-ar71xx-linux-musl/sysroot||
owrt_ath79_mips|OpenWrt 19.07 / 21.02 ath79, mips_24kc BE devices|mips|https://simplebuild.dedyn.io/toolchains/current/Toolchain-owrt_ath79_mips.tar.xz|9c701159010a1ad763ed6100d63d520fb9e8ab58112d500ea7b0c3dd770b9f1f|mips-ath79-linux-musl-|mips-ath79-linux-musl/sysroot||
owrt_kirkwood_arm|OpenWrt 19.07 / 21.02 kirkwood, Pogoplug V2 LE devices|arm|https://simplebuild.dedyn.io/toolchains/current/Toolchain-owrt_kirkwood_arm.tar.xz|79bfbf6c7dcc6335f894d287da41ca91aeb90c8c43eeccfe7c35565845b1467b|arm-kirkwood-linux-musleabi-|arm-kirkwood-linux-musleabi/sysroot||
owrt_mediatek_armv8|OpenWrt 19.07 / 21.02 mediatek, GLinet Brume2 devices|aarch64|https://simplebuild.dedyn.io/toolchains/current/Toolchain-owrt_mediatek_armv8.tar.xz|bd6a3cbb3cf4a51cc262570095bebb4c5453cb0429b7d748dada69b3ca874564|aarch64-mediatek-linux-musl-|aarch64-mediatek-linux-musl/sysroot||
owrt_mpc85xx_ppc|OpenWrt 19.07 / 21.02 mpc85xx, Freescale MPC85xx BE devices|powerpc|https://simplebuild.dedyn.io/toolchains/current/Toolchain-owrt_mpc85xx_ppc.tar.xz|9ef39c603bff3153867a31c4dac2d9311d7887dd9a5237d84f712de5ed26987c|powerpc-mpc85xx-linux-musl-|powerpc-mpc85xx-linux-musl/sysroot||
owrt_ramips_mips|OpenWrt 19.07 / 21.02 ramips, Mediatek/Ralink mips_24kc LE devices|mipsel|https://simplebuild.dedyn.io/toolchains/current/Toolchain-owrt_ramips_mips.tar.xz|bce92586d688c39031b58713de5b8ac810f4d1c245277cf31c9d74ace7a9e05e|mipsel-ramips-linux-musl-|mipsel-ramips-linux-musl/sysroot||
owrt_rpi_armv6|OpenWrt 19.07 / 21.02 Raspberry Pi Zero W / WH, 1 Model A / A+ / B / B+|armv6|https://simplebuild.dedyn.io/toolchains/current/Toolchain-owrt_rpi_armv6.tar.xz|b8d80b5ecd9a4e2a7d44ff2612fde7d4a11cb6bd5b5ef5bd0710d6a1ce694cc6|armv6-rpi1-linux-gnueabihf-|armv6-rpi1-linux-gnueabihf/sysroot||
owrt_rpi_armv7|OpenWrt 19.07 / 21.02 Raspberry Pi 2 Model B|armv7|https://simplebuild.dedyn.io/toolchains/current/Toolchain-owrt_rpi_armv7.tar.xz|7c9366af0eef2e859e47a42091076b8afbb7a2952f7b53125ccfbb02e56adfc9|armv7-rpi2-linux-gnueabihf-|armv7-rpi2-linux-gnueabihf/sysroot||
fritz3272_3370_3390_6840_7272_7330_7330SL_7360v2_7390_ssl_multi_mips-freetz|FRITZ!Box 3272 3370 3390 6840 7272 7330 7330SL 7360v2 7390 SSL multi|mips|https://simplebuild.dedyn.io/toolchains/current/Toolchain-fritz3272_3370_3390_6840_7272_7330_7330SL_7360v2_7390_ssl_multi_mips-freetz.tar.xz|522bc4ac2649209b0ba3e756cd74585f9995c1845089059fde3e9f1f5a3a5d39|mips-linux-uclibc-|usr||
fritz3490_5490_5491_6890_7430_7490_7560_7580_7583_7583vdsl_7590_7590AX_7690_ssl_multi_mips-freetz|FRITZ!Box 3490 5490 5491 6890 7430 7490 7560 7580 7583 7583vdsl 7590|mips|https://simplebuild.dedyn.io/toolchains/current/Toolchain-fritz3490_5490_5491_6890_7430_7490_7560_7580_7583_7583vdsl_7590_7590AX_7690_ssl_multi_mips-freetz.tar.xz|53e0b143e494652332c21c5d5f7d9eb586be2263b94772fc5aaa35d3f5366355|mips-linux-uclibc-|usr||-Wl,-dynamic-linker,/usr/lib/freetz/ld-uClibc.so.0
fritz4020_7362_ssl_multi_mips-freetz|FRITZ!Box 4020 7362 SSL Multi by MasterSaMMy|mips|https://simplebuild.dedyn.io/toolchains/current/Toolchain-fritz4020_7362_ssl_multi_mips-freetz.tar.xz|85acfffc4e2487578a19d19983d7dd87fda2c0de24ae320a7d4fc846bfe5f1f8|mips-linux-uclibc-|usr||
fritz4040_4050_4060_5590_5690Pro_68504g_68505g_7510_7520_7520B_7530_7530AX_ssl_multi_arm-freetz|FRITZ!Box 4040 4050 4060 5590 5690Pro 68504g 68505g 7510 7520 7520B|arm|https://simplebuild.dedyn.io/toolchains/current/Toolchain-fritz4040_4050_4060_5590_5690Pro_68504g_68505g_7510_7520_7520B_7530_7530AX_ssl_multi_arm-freetz.tar.xz|fc0d3ce8073e51315166761b3d4cb3e336a398c47d783de941345af67dd371c1|arm-linux-uclibcgnueabi-|usr||-Wl,-dynamic-linker,/usr/lib/freetz/ld-uClibc.so.0
fritz6430_6490_6590_6591_6660_6670_6690_ssl_multi_i686-freetz|FRITZ!Box 6430 6490 6590 6591 6660 6670 6690 SSL multi by MasterSaMMy|i686|https://simplebuild.dedyn.io/toolchains/current/Toolchain-fritz6430_6490_6590_6591_6660_6670_6690_ssl_multi_i686-freetz.tar.xz|0301ba8c584422ecf2d40f82295109a9c2fb96bd5c06a266f49b152e84db5e30|i686-linux-uclibc-|usr||-Wl,-dynamic-linker,/usr/lib/freetz/ld-uClibc.so.0
fritz73xxOS65|Fritzbox73xx Fritz OS V6.5|mips|https://simplebuild.dedyn.io/toolchains/legacy/Toolchain-Fritz73xxOS65X.tar.xz|88c2d31cacf21e541afc56add35420169713ecbeca4981407e295eda19e3c989|mips-linux-uclibc-|||
fritz74xxOS65|Fritzbox74xx Fritz OS V6.5|mips|https://simplebuild.dedyn.io/toolchains/legacy/Toolchain-Fritz74xxOS65X.tar.xz|0794173496d7bb7937a690f4fe49bff7ed03841498c49a6ff6d070bc0903b4f8|mips-linux-uclibc-|||
ubnt_aarch64|Ubiquiti Networks devices, UDM / UDM-Pro|aarch64|https://simplebuild.dedyn.io/toolchains/current/Toolchain-ubnt_aarch64.tar.xz|19b8a52da346d4174dfd35de2703bf16ae8278da29b5401914064ebb43726eda|aarch64-ubnt-linux-gnu-|aarch64-ubnt-linux-gnu/sysroot||
ubnt_mips64|Ubiquiti Networks devices, USG / USG-Pro|mips64|https://simplebuild.dedyn.io/toolchains/current/Toolchain-ubnt_mips64.tar.xz|57e4d27d6808e87eddaf9e2e1ebfa13d0ac954076960ba796a5f4405abee1057|mips-ubnt-linux-gnu-|mips-ubnt-linux-gnu/sysroot||
qnap_armv5|QNAP Marvell 628x devices, QNAP TS-119P II|armv5|https://simplebuild.dedyn.io/toolchains/current/Toolchain-qnap_armv5.tar.xz|8804c588db391438b3ccd3578636c7bd65536631c6a3a8390af4aca97f6799f0|arm-qnap-linux-gnueabi-|arm-qnap-linux-gnueabi/sysroot||
qnap_armv7|QNAP ARM-Cortex-A9 devices|armv7|https://simplebuild.dedyn.io/toolchains/current/Toolchain-qnap_armv7.tar.xz|91572be25abc51d335977272f3aefb6bc0b3770f55a8c97c87b60ce02e92a52a|armv7-qnap-linux-gnueabihf-|armv7-qnap-linux-gnueabihf/sysroot||
qnap_x64|QNAP x64 devices|x86_64|https://simplebuild.dedyn.io/toolchains/current/Toolchain-qnap_x64.tar.xz|13030a0cf981758a2123289e7ab598fb05ecbc973b17f2c95bc9bbcf0ff02edc|x86_64-qnap-linux-gnu-|x86_64-qnap-linux-gnu/sysroot||
syn_atom|SYN_ATOM|x86_64|https://simplebuild.dedyn.io/toolchains/legacy/Toolchain-Syn_Atom.tar.xz|e1c187804b1403519615ca5908501bc02167e882f0af4b7015c0cf61ba628079|x86_64-linux-gnu-|||
synology_aarch64|Synology DS418|aarch64|https://simplebuild.dedyn.io/toolchains/current/Toolchain-synology_aarch64.tar.xz|3bef80e3dceb0a0eb1c819d1c46e16e66785bfd545521ef9c2d44a7a7a569687|aarch64-ds418-linux-gnu-|aarch64-ds418-linux-gnu/sysroot||
synology_armv5|Synology Marvell 628x devices, Synology DS112x|armv5|https://simplebuild.dedyn.io/toolchains/current/Toolchain-synology_armv5.tar.xz|6e35a78ba4d42e0882532cddd1a22656057ebc8c8596e2df11f36a0b8e5cecc4|arm-synology-linux-gnueabi-|arm-synology-linux-gnueabi/sysroot|-DNO_PTHREAD_STACKSIZE|
synology_armv7|Synology DS216play, ZyXEL NAS326 / NAS520|armv7|https://simplebuild.dedyn.io/toolchains/current/Toolchain-synology_armv7.tar.xz|7fdaf18b9c5ae7e4a86f3cac742ad7b9cc68d5d44874a9678549db33b4d26de3|arm-ds216_play-linux-gnueabi-|arm-ds216_play-linux-gnueabi/sysroot||
synology_armv7a|Synology Marvell ARMADA 375 devices, Synology DS115|armv7|https://simplebuild.dedyn.io/toolchains/current/Toolchain-synology_armv7a.tar.xz|10b1b0b767b2054c83f95a34832a43b9abd3e09a9370304f2d9b34614e59b965|arm-marvell-linux-gnueabi-|arm-marvell-linux-gnueabi/sysroot||
synology_ppc|Synology DS213+|powerpc|https://simplebuild.dedyn.io/toolchains/current/Toolchain-synology_ppc.tar.xz|e590ba14b2331465771ab85db2281065d7d1ec785c86b93f60a6f5695592838d|powerpc-ds213+-linux-gnuspe-|powerpc-ds213+-linux-gnuspe/sysroot||
igel_x86|Igel VIA VX855, x86 devices|x86|https://simplebuild.dedyn.io/toolchains/current/Toolchain-igel_x86.tar.xz|6c4683874a6880225f3204488c0926d026196f0e3c2c99c61732445f60fbf9d1|i686-igel-linux-gnu-|i686-igel-linux-gnu/sysroot||
pogoplug_arm|Marvell Kirkwood devices, Pogoplug V2|arm|https://simplebuild.dedyn.io/toolchains/current/Toolchain-pogoplug_arm.tar.xz|ac053d6e93f3adb09ac94fc76b34e875f234ee093788351f19e3816d1d8be65b|arm-pogoplug-linux-gnueabi-|arm-pogoplug-linux-gnueabi/sysroot||
rpi_aarch64|Raspberry Pi 3 Modell B+, 4 Model B|aarch64|https://simplebuild.dedyn.io/toolchains/current/Toolchain-rpi_aarch64.tar.xz|21c2f4e7c3fa784db880ad99dab4a20c216b7364e20647f1a0f43cc25b82dda1|aarch64-rpi3-linux-gnu-|aarch64-rpi3-linux-gnu/sysroot||
rpi_armv6|Raspberry Pi Zero W / WH, 1 Model A / A+ / B / B+|armv6|https://simplebuild.dedyn.io/toolchains/current/Toolchain-rpi_armv6.tar.xz|5ce835a7dc11fcde28d892703ef7524affefd18f3ea9a78f2774eae3e50387b0|armv6-rpi1-linux-gnueabihf-|armv6-rpi1-linux-gnueabihf/sysroot||
rpi_armv7|Raspberry Pi 2 Model B|armv7|https://simplebuild.dedyn.io/toolchains/current/Toolchain-rpi_armv7.tar.xz|68b65b8ba66138b809c1261c5afe9fb7323f5b47719189ec17503ee7cbfa6df2|armv7-rpi2-linux-gnueabihf-|armv7-rpi2-linux-gnueabihf/sysroot||
rpi_armv8|Raspberry Pi 2 Model B v1.2, 3 Modell A+ / B / B+, 4 Model B|armv7|https://simplebuild.dedyn.io/toolchains/current/Toolchain-rpi_armv8.tar.xz|07b442b9d273e89f0add817aee396a25940b9234f537ebc7277e94f5dd14d656|armv8-rpi3-linux-gnueabihf-|armv8-rpi3-linux-gnueabihf/sysroot||
samsungtv|SamsungTV|arm|https://simplebuild.dedyn.io/toolchains/legacy/Toolchain-SamsungTV.tar.xz|4632a7b5ae6ef41c2db3801856d7b82e32479ceff66e008d7f44235e35000c4f|arm-v7a8v3r1-linux-gnueabi-|arm-v7a8v3r1-linux-gnueabi/sys-root/usr||
arm_dream|Dreambox ARM|arm|https://simplebuild.dedyn.io/toolchains/legacy/Toolchain-arm_dream.tar.xz|85bb8811a72d0d6a7661318a22e5fc73c93d6395c0f98f7e19a5c997f2a008fa|arm-newnigma2-linux-gnueabihf-|arm-newnigma2-linux-gnueabihf||
cool|COOLSTREAM|arm|https://simplebuild.dedyn.io/toolchains/legacy/Toolchain-Coolstream_s_u_p.tar.xz|0fa3755c40afd82ce0dcc15dcbe2216dfc8d3f6495c63b512dac24196ca9710c|arm-cx2450x-linux-gnueabi-|arm-cx2450x-linux-gnueabi/sys-root/usr||
cool2|COOLSTREAM HD2|arm|https://simplebuild.dedyn.io/toolchains/legacy/Toolchain-Cool2_s_u_p.tar.xz|285fd6764fc397d9a090a9afb45a2e23c3f8d4ca7a66d98ed2a4a3844d93ebab|arm-pnx8400-linux-uclibcgnueabi-|arm-pnx8400-linux-uclibcgnueabi/sys-root/usr||
csky|GX-API Box|csky|https://simplebuild.dedyn.io/toolchains/current/Toolchain-csky.tar.xz|0958d22eef925b1a50795a1975b805f56693182f4da627a4d8b39ee2048a54c5|csky-linux-|csky-linux/libc|-isystem @TOOLCHAIN@/csky-linux/sys-include|
dcube|Dcube-R2|arm|https://files.streamboard.tv/toolchains/legacy/Toolchain-ARM_Cortex_A9_s_u_p1.tar.xz|3d8f62c70d5d181d8413cae378ec3c575ebb372351ca75d3da7bd8fc48a94ce9|arm-cortex-linux-gnueabi-|arm-cortex-linux-gnueabi/sys-root/usr||
dockstar|Dockstar|arm|https://simplebuild.dedyn.io/toolchains/legacy/Toolchain-Dockstar_s_u_p.tar.xz|c4bae607d43e14c031e79cbe065759b1c9230e1c18bf40e2e6c65d5cb6f83237|arm-none-linux-gnueabi-|arm-none-linux-gnueabi/libc/usr||
dream_aarch64|Dreambox ONE / TWO|aarch64|https://simplebuild.dedyn.io/toolchains/current/Toolchain-dream_aarch64.tar.xz|e3329fbb91e245abf6277174414907a9967a1ec631875491fb08e27f1a524edf|aarch64-dreambox-linux-gnu-|aarch64-dreambox-linux-gnu/sysroot||
dream_arm|Dreambox DM9x0 UHD|arm|https://simplebuild.dedyn.io/toolchains/current/Toolchain-dream_arm.tar.xz|a634582ee6de874865b6f92dab523fbd452c7c84bb6ef55ba627b6951eac6f89|arm-dreambox-linux-gnueabihf-|arm-dreambox-linux-gnueabihf/sysroot||
dream_one|DreamOne aarch64|aarch64|https://simplebuild.dedyn.io/toolchains/legacy/Toolchain-dream_one.tar.xz|4763ccee1e715289114f3fa8986242ca3481e1defc6457f9c3c7d7965a42c6d8|aarch64-dream_one-linux-gnu-|aarch64-dream_one-linux-gnu/sysroot||
dreambox_fpu|Dreambox & VU+ (OE 2.0 FPU)|mipsel|https://simplebuild.dedyn.io/toolchains/legacy/Toolchain-Dreambox-HW_s_u_p.tar.xz|342a0a59b5ef728f42f52a49d84142291cde0ec26097af94c996b44a420a6a22|mipsel-newnigma2-linux-gnu-|mipsel-newnigma2-linux-gnu/sysroot||
hd51|AX/Mutant HD51|arm|https://simplebuild.dedyn.io/toolchains/legacy/Toolchain-hd51.tar.xz|1f4a24d76e7b5e6c900f3db76d0b317cafc5dd3805b4f8e4fcbc7428ca9e8930|arm-unknown-linux-gnueabihf-|arm-unknown-linux-gnueabihf/sys-root||
ineos|Ineos ZX4|csky|https://simplebuild.dedyn.io/toolchains/legacy/Toolchain-ineos.tar.xz|ae35426a7bee24615d810df03b81ec063e7c8ca86a734349ed1d00de4bc7cdc1|csky-linux-|||
mca|MATRIX CAM AIR|arm|https://simplebuild.dedyn.io/toolchains/legacy/Toolchain-Matrix_s.tar.xz|b157d35dd07fd634c6e298146f3197f4d6619e7667ac9afb368a1e2335c07f49|arm-none-linux-gnueabi-|||
mipsel|Dreambox & VU+ (OE 1.6)|mipsel|https://simplebuild.dedyn.io/toolchains/legacy/Toolchain-MIPS-Tuxbox-OE1.6_s_u_p.tar.xz|7e554e152e172f735c17483bcb659b80154d8a429dadf8689472375e725c4e7e|mipsel-unknown-linux-gnu-|mipsel-unknown-linux-gnu/sys-root/usr||
mipsel_s3_ssl098|generic mipsel ssl 0.9.8|mipsel|https://simplebuild.dedyn.io/toolchains/legacy/Toolchain-mipsel_s3_ssl098.tar.xz|dce6ceda5bc829ae8d462b21c62b58f533cf57d3aa654bcb84d036ceb5a7066c|mipsel-simplebuild3-linux-gnu-|mipsel-simplebuild3-linux-gnu/sysroot||
mipsel_s3_ssl100|generic mipsel ssl 1.0.0|mipsel|https://simplebuild.dedyn.io/toolchains/legacy/Toolchain-mipsel_s3_ssl100.tar.xz|23c0c0938e5012cfffd369ef0d970453cdfcd442b1cfd924ef25c87080247691|mipsel-simplebuild3-linux-gnu-|mipsel-simplebuild3-linux-gnu/sysroot||
mipsel_s3_ssl102|generic mipsel ssl 1.0.2|mipsel|https://simplebuild.dedyn.io/toolchains/legacy/Toolchain-mipsel_s3_ssl102.tar.xz|110607cc3395002360f826303cb30b9dde1c561a6f58b64369314b1edc881b60|mipsel-simplebuild3-linux-gnu-|mipsel-simplebuild3-linux-gnu/sysroot||
mipsoe20||mipsel|https://simplebuild.dedyn.io/toolchains/legacy/Toolchain-MIPS-Tuxbox-OE2.0_s_u_p.tar.xz|d9add89853a5382e3be113b0feacb15db83d4aa7ca50ce9828fb2c645e084e88|mipsel-unknown-linux-gnu-|mipsel-unknown-linux-gnu/sysroot||
oe20_armv7|OpenEmbedded 2.0 STBs, ARM-Cortex-A9 devices|armv7|https://simplebuild.dedyn.io/toolchains/current/Toolchain-oe20_armv7.tar.xz|dc7f00205a240a69c96d9bd69ab62598c1a31d27f2efd08accb8cc540c4d01f9|armv7-oe20-linux-gnueabihf-|armv7-oe20-linux-gnueabihf/sysroot||
oe20_mipsel|OpenEmbedded 2.0 STBs|mipsel|https://simplebuild.dedyn.io/toolchains/current/Toolchain-oe20_mipsel.tar.xz|ee6ebbbdafd51b41d93c8746444b19572763052c2c81c893a293bd198ccd6b83|mipsel-oe20-linux-gnu-|mipsel-oe20-linux-gnu/sysroot||
oe20_sh4|OpenEmbedded 2.0 STBs|sh4|https://simplebuild.dedyn.io/toolchains/current/Toolchain-oe20_sh4.tar.xz|22c1b7c58b826e3ba5f3e4984ad423367e675be893a5c156043426157c407b4d|sh4-oe20-linux-gnu-|sh4-oe20-linux-gnu/sysroot||
oe20_sh_multilib|OpenEmbedded 2.0 STBs with multilib support|sh4|https://simplebuild.dedyn.io/toolchains/current/Toolchain-oe20_sh_multilib.tar.xz|c9407c92f5b74cedfc7cdf46a8c1ac2f48046f9e443dc7286af86c4e79447e73|sh-oe20-linux-gnu-|sh-oe20-linux-gnu/sysroot||
openpli40|Openpli Dreambox Vu+ and other|mipsel|https://simplebuild.dedyn.io/toolchains/legacy/Toolchain-OpenPLI_4.0.tar.xz|3d65103a6a0e783c4b2ea86c37ee894120c8109434fa0cfe3fd181b6a85762c4|mipsel-openpli40-linux-gnu-|mipsel-openpli40-linux-gnu/sysroot||
osmio4k|Edision OS MIO 4k aarch64|aarch64|https://simplebuild.dedyn.io/toolchains/legacy/Toolchain-osmio4k.tar.xz|79ebec6f61abdca896681c09de623d753834514a122367522710434a5e0f4b7b|aarch64-osmio4k-linux-gnu-|aarch64-osmio4k-linux-gnu/sysroot||
ppcold|Dbox2 / Dreambox DM500 and DM500-S|powerpc|https://simplebuild.dedyn.io/toolchains/legacy/Toolchain-PPC-Tuxbox-old_s.tar.xz|a9f1a0dc598d01348f726467f696a430da320825580101fad6c6aaabcbb9a7d0|powerpc-linux-|||
rasb_hard|RaspberryPI Hardware FPU|arm|https://simplebuild.dedyn.io/toolchains/legacy/Toolchain-Raspberrypi_hard_s_u_p.tar.xz|ce4182d3eebc2e69c3112773854a68d3cf6f36e58c40072d62013bece9dab24c|arm-bcm2708hardfp-linux-gnueabi-|arm-bcm2708hardfp-linux-gnueabi/sysroot||
sh4|SH4|sh4|https://simplebuild.dedyn.io/toolchains/legacy/Toolchain-SH4_s_u_p.tar.xz|db3602e495abbbb8ff88a52010bc6178a5d10c7c60bbc17cdb069c69997330f7|sh4-linux-|sh4-linux/sys-root/usr||
sh_4|SH4|sh4|https://simplebuild.dedyn.io/toolchains/legacy/Toolchain-NEWSH4-Streamboard_s_u_p.tar.xz|da9f4faba56c06ea482959313f07d6065cb61d06e87cf826ba849c38b036b6ce|sh4-streamboard-linux-gnu-|sh4-streamboard-linux-gnu/sysroot||
solo4k|VU+ Solo4k|arm|https://simplebuild.dedyn.io/toolchains/legacy/Toolchain-solo4k.tar.xz|77bd785e3bc4feb725118996ec9b3c98fff3d483982459424a13b604e5ddc60f|arm-linux-gnueabihf-|arm-linux-gnueabihf||
vuplus4k_arm|Vu+ Zero / Uno / Duo / Solo / Ultimo 4K|arm|https://simplebuild.dedyn.io/toolchains/current/Toolchain-vuplus4k_arm.tar.xz|f0eb3d0b8ead9198cc57d842aab8b735d904fbe2ad9d1e626453620226c2558f|arm-vuplus4k-linux-gnueabihf-|arm-vuplus4k-linux-gnueabihf/sysroot||
vuplus4k_armv7a|Vu+ Zero / Uno / Duo / Solo / Ultimo 4K|armv7|https://simplebuild.dedyn.io/toolchains/current/Toolchain-vuplus4k_armv7a.tar.xz|55cdf003df595d3b6bbac2821d580f66ba85da96d8dd801f4f1c0385da91c0f1|armv7a-vuplus4k-linux-gnueabihf-|armv7a-vuplus4k-linux-gnueabihf/sysroot||
vusolo4k_atv|Vu+ Zero / Uno / Duo / Solo / Ultimo 4K|armv7|https://simplebuild.dedyn.io/toolchains/current/Toolchain-vuplus4k_arm.tar.xz|f0eb3d0b8ead9198cc57d842aab8b735d904fbe2ad9d1e626453620226c2558f|armv7-vusolo4k_atv-linux-gnueabihf-|armv7-vusolo4k_atv-linux-gnueabihf/sysroot||
